Pituus,Paino,BMI;;
158,57,22.83287935;;
199,61,15.40365142;;
200,88,22;;
151,84,36.84048945;;
174,95,31.37798917;;
182,82,24.75546432;;
194,71,18.86491657;;
171,63,21.5450908;;
175,83,27.10204082;;
156,65,26.70940171;;
200,58,14.5;;
150,63,28;;
161,92,35.49245785;;
159,92,36.39096555;;
172,81,27.37966468;;
172,50,16.90102758;;
146,56,26.27134547;;
187,75,21.44756785;;
195,98,25.77251808;;
157,62,25.15315023;;
147,73,33.78222037;;
178,92,29.03673779;;
171,86,29.41075887;;
140,51,26.02040816;;
197,88,22.67515267;;
150,60,26.66666667;;
190,81,22.43767313;;
185,91,26.58875091;;
194,91,24.17897757;;
163,99,37.26147013;;
155,73,30.38501561;;
171,56,19.15119182;;
175,77,25.14285714;;
143,52,25.42911634;;
195,64,16.83103222;;
178,90,28.40550436;;
179,74,23.09540901;;
189,88,24.63536855;;
197,80,20.61377516;;
141,85,42.75438861;;
152,89,38.52146814;;
185,56,16.36230825;;
176,51,16.4643595;;
175,88,28.73469388;;
171,50,17.09927841;;
185,72,21.03725347;;
188,70,19.80534178;;
143,61,29.83030955;;
198,50,12.75380063;;
164,72,26.76977989;;
180,82,25.30864198;;
153,80,34.17489;;
157,75,30.42719786;;
142,85,42.15433446;;
197,65,16.74869231;;
178,57,17.99015276;;
172,52,17.57706869;;
174,96,31.70828379;;
170,61,21.10726644;;
184,84,24.81096408;;
143,59,28.85226661;;
173,82,27.39817568;;
175,76,24.81632653;;
183,99,29.56194571;;
142,74,36.69906765;;
142,77,38.18686768;;
187,61,17.44402185;;
187,73,20.8756327;;
179,61,19.03810742;;
143,85,41.56682478;;
169,99,34.66265187;;
196,60,15.61849229;;
195,76,19.98685076;;
196,95,24.72927947;;
180,100,30.86419753;;
172,68,22.98539751;;
198,88,22.44668911;;
165,54,19.83471074;;
151,84,36.84048945;;
170,100,34.60207612;;
159,56,22.15102251;;
151,69,30.26183062;;
155,93,38.70967742;;
154,93,39.21403272;;
141,100,50.29928072;;
141,62,31.18555405;;
146,94,44.09832989;;
167,55,19.72103697;;
182,56,16.90617075;;
159,77,30.45765595;;
198,62,15.81471278;;
178,97,30.61482136;;
177,65,20.74755019;;
141,85,42.75438861;;
143,72,35.2095457;;
168,57,20.19557823;;
190,51,14.12742382;;
179,91,28.40111108;;
177,54,17.23642631;;
158,58,23.23345618;;
193,62,16.64474214;;
196,84,21.86588921;;
177,70,22.34351559;;
168,65,23.03004535;;
150,71,31.55555556;;
166,83,30.12048193;;
146,68,31.9009195;;
187,86,24.59321113;;
183,72,21.49959688;;
179,86,26.84061047;;
199,74,18.68639681;;
164,64,23.7953599;;
163,100,37.63784862;;
178,69,21.77755334;;
187,93,26.59498413;;
188,81,22.91760978;;
165,95,34.89439853;;
181,57,17.3987363;;
145,88,41.8549346;;
152,96,41.55124654;;
175,80,26.12244898;;
178,56,17.67453604;;
180,52,16.04938272;;
153,100,42.7186125;;
197,53,13.65662604;;
155,92,38.29344433;;
142,78,38.68280103;;
182,57,17.20806666;;
142,78,38.68280103;;
156,81,33.28402367;;
187,78,22.30547056;;
174,51,16.84502576;;
187,60,17.15805428;;
149,100,45.04301608;;
184,69,20.38043478;;
171,99,33.85657125;;
144,99,47.74305556;;
185,62,18.11541271;;
152,89,38.52146814;;
186,67,19.36640074;;
141,81,40.74241738;;
190,65,18.00554017;;
179,67,20.91070816;;
199,77,19.44395344;;
178,100,31.56167151;;
200,52,13;;
188,64,18.10774106;;
183,60,17.91633074;;
171,70,23.93898977;;
176,74,23.88946281;;
163,77,28.98114344;;
181,84,25.64024297;;
175,97,31.67346939;;
179,96,29.96161169;;
197,67,17.26403669;;
193,54,14.49703348;;
157,54,21.90758246;;
176,84,27.1177686;;
191,75,20.55864697;;
156,56,23.01117686;;
142,76,37.69093434;;
198,66,16.83501684;;
183,64,19.11075278;;
166,59,21.41094498;;
147,86,39.79823222;;
156,58,23.8330046;;
179,76,23.71960925;;
196,51,13.27571845;;
185,63,18.40759679;;
168,77,27.28174603;;
199,86,21.71662332;;
158,79,31.64556962;;
186,72,20.81165453;;
143,89,43.52291066;;
175,83,27.10204082;;
175,81,26.44897959;;
199,92,23.23173657;;
159,67,26.50211621;;
148,100,45.65376187;;
167,86,30.83653053;;
144,90,43.40277778;;
184,72,21.26654064;;
199,91,22.9792177;;
164,98,36.43664485;;
188,99,28.01041195;;
158,70,28.04037814;;
172,91,30.7598702;;
162,75,28.57796068;;
163,100,37.63784862;;
141,96,48.28730949;;
144,66,31.8287037;;
161,100,38.57875854;;
182,65,19.62323391;;
186,84,24.28026361;;
162,66,25.1486054;;
152,85,36.7901662;;
194,61,16.20788607;;
161,94,36.26403302;;
195,56,14.72715319;;
184,80,23.6294896;;
174,70,23.1206236;;
146,84,39.4070182;;
160,78,30.46875;;
176,79,25.5036157;;
171,66,22.5710475;;
164,94,34.94943486;;
193,86,23.08786813;;
182,93,28.07631929;;
180,78,24.07407407;;
141,75,37.72446054;;
200,55,13.75;;
190,50,13.85041551;;
152,99,42.84972299;;
154,100,42.16562658;;
190,61,16.89750693;;
173,99,33.07828528;;
163,69,25.97011555;;
168,96,34.01360544;;
156,51,20.9566075;;
163,92,34.62682073;;
191,72,19.73630109;;
182,93,28.07631929;;
175,71,23.18367347;;
149,95,42.79086528;;
170,90,31.14186851;;
143,76,37.16563157;;
193,77,20.67169588;;
190,97,26.86980609;;
141,65,32.69453247;;
160,67,26.171875;;
173,93,31.07354071;;
144,56,27.00617284;;
164,97,36.06484236;;
187,59,16.87208671;;
155,96,39.95837669;;
145,66,31.39120095;;
192,57,15.46223958;;
197,93,23.96351362;;
185,75,21.9138057;;
163,78,29.35752192;;
174,80,26.42356982;;
168,58,20.54988662;;
168,90,31.8877551;;
184,67,19.78969754;;
184,94,27.76465028;;
185,83,24.25127831;;
164,87,32.34681737;;
152,73,31.59626039;;
171,81,27.70083102;;
178,100,31.56167151;;
144,68,32.79320988;;
165,76,27.91551882;;
177,54,17.23642631;;
168,51,18.06972789;;
200,57,14.25;;
161,52,20.06095444;;
147,51,23.60127725;;
152,66,28.56648199;;
185,50,14.6092038;;
200,55,13.75;;
198,57,14.53933272;;
172,89,30.0838291;;
187,54,15.44224885;;
174,74,24.44180209;;
157,83,33.67276563;;
191,94,25.76683753;;
168,54,19.13265306;;
146,88,41.28354288;;
181,55,16.78825433;;
174,58,19.15708812;;
178,82,25.88057064;;
161,63,24.30461788;;
161,67,25.84776822;;
172,63,21.29529475;;
140,60,30.6122449;;
200,88,22;;
160,68,26.5625;;
194,84,22.31905622;;
153,86,36.73800675;;
142,53,26.28446737;;
195,83,21.8277449;;
152,58,25.10387812;;
160,55,21.484375;;
165,50,18.36547291;;
190,51,14.12742382;;
177,61,19.47077787;;
176,80,25.82644628;;
153,99,42.29142637;;
181,77,23.50355606;;
149,91,40.98914463;;
200,78,43970;;
194,79,20.99054097;;
181,64,19.53542322;;
158,63,25.23634033;;
155,98,40.79084287;;
155,65,27.05515088;;
154,52,21.92612582;;
187,56,16.01418399;;
200,93,23.25;;
140,63,32.14285714;;
175,93,30.36734694;;
191,68,18.63983992;;
168,77,27.28174603;;
162,58,22.10028959;;
157,74,30.02150189;;
185,63,18.40759679;;
184,76,22.44801512;;
186,53,15.31969014;;
180,80,24.69135802;;
181,90,27.4716889;;
161,66,25.46198063;;
186,50,14.45253787;;
186,84,24.28026361;;
156,72,29.58579882;;
178,65,20.51508648;;
191,56,15.3504564;;
144,76,36.65123457;;
163,76,28.60476495;;
142,84,41.65840111;;
151,79,34.64760318;;
186,64,18.49924847;;
192,100,27.12673611;;
177,70,22.34351559;;
153,93,39.72830962;;
189,53,14.8372106;;
191,89,24.39626107;;
183,89,26.57589059;;
176,89,28.73192149;;
152,79,34.1932133;;
195,55,14.46416831;;
163,87,32.7449283;;
159,95,37.57762747;;
150,72,32;;
182,96,28.982007;;
165,79,29.0174472;;
149,64,28.82753029;;
160,58,22.65625;;
176,90,29.05475207;;
152,70,30.29778393;;
163,69,25.97011555;;
155,94,39.12591051;;
191,93,25.49272224;;
157,90,36.51263743;;
190,58,16.06648199;;
149,54,24.32322868;;
159,81,32.03987184;;
142,85,42.15433446;;
184,87,25.69706994;;
168,73,25.86451247;;
167,96,34.42217362;;
163,87,32.7449283;;
189,100,27.99473699;;
185,90,26.29656684;;
158,88,35.2507611;;
169,52,18.20664543;;
164,54,20.07733492;;
189,58,16.23694745;;
200,74,18.5;;
186,50,14.45253787;;
181,87,26.55596594;;
182,95,28.6801111;;
186,93,26.88172043;;
185,51,14.90138787;;
176,69,22.27530992;;
193,73,19.59784155;;
199,90,22.72669882;;
186,95,27.45982194;;
177,95,30.32334259;;
182,73,22.03840116;;
186,56,16.18684241;;
168,60,21.2585034;;
145,75,35.67181926;;
161,52,20.06095444;;
153,68,29.0486565;;
152,100,43.28254848;;
160,55,21.484375;;
186,85,24.56931437;;
182,73,22.03840116;;
183,61,18.21493625;;
182,74,22.34029707;;
151,98,42.98057103;;
199,70,17.67632131;;
171,76,25.99090318;;
197,72,18.55239764;;
164,59,21.93634741;;
180,99,30.55555556;;
148,80,36.5230095;;
159,80,31.64431787;;
160,77,30.078125;;
171,75,25.64891762;;
194,91,24.17897757;;
157,79,32.04998174;;
193,63,16.91320572;;
160,99,38.671875;;
144,62,29.89969136;;
177,54,17.23642631;;
192,69,18.71744792;;
144,56,27.00617284;;
170,50,17.30103806;;
166,96,34.83814777;;
183,71,21.20099137;;
144,98,47.26080247;;
199,87,21.96914219;;
187,93,26.59498413;;
164,60,22.30814991;;
141,52,26.15562597;;
157,65,26.37023814;;
187,97,27.73885441;;
153,79,33.74770387;;
159,82,32.43542581;;
142,89,44.13806784;;
149,79,35.5839827;;
168,98,34.72222222;;
148,72,32.87070855;;
168,61,21.61281179;;
169,83,29.06060712;;
179,84,26.21641022;;
176,88,28.40909091;;
167,98,35.13930223;;
189,52,14.55726323;;
163,69,25.97011555;;
142,53,26.28446737;;
146,53,24.86395196;;
150,77,34.22222222;;
160,65,25.390625;;
191,91,24.94449165;;
179,98,30.58581193;;
167,52,18.64534404;;
170,90,31.14186851;;
154,88,37.10575139;;
184,86,25.40170132;;
195,80,21.03879027;;
156,50,20.54569362;;
190,80,22.16066482;;
200,71,17.75;;
176,68,21.95247934;;
199,91,22.9792177;;
176,87,28.08626033;;
200,51,27729;;
156,55,22.60026298;;
160,98,38.28125;;
159,95,37.57762747;;
188,57,16.12720688;;
199,94,23.73677432;;
177,73,23.30109483;;
195,86,22.61669954;;
190,91,25.20775623;;
180,52,16.04938272;;
176,60,19.36983471;;
147,69,31.9311398;;
183,95,28.36752366;;
191,52,14.25399523;;
182,94,28.37821519;;
199,51,12.87846267;;
163,53,19.94805977;;
146,95,44.56746106;;
199,97,24.49433095;;
168,86,30.47052154;;
153,58,24.77679525;;
173,98,32.74416118;;
199,75,18.93891568;;
189,56,15.67705271;;
141,90,45.26935265;;
182,84,25.35925613;;
182,67,20.22702572;;
181,85,25.94548396;;
187,52,14.87031371;;
165,85,31.22130395;;
151,58,25.43748081;;
159,77,30.45765595;;
159,84,33.22653376;;
150,60,26.66666667;;
165,72,26.44628099;;
151,55,24.12174905;;
179,85,26.52851035;;
144,94,45.33179012;;
194,78,20.72483792;;
145,50,23.78121284;;
177,76,24.25867407;;
168,53,18.77834467;;
190,79,21.88365651;;
165,56,20.56932966;;
192,85,23.05772569;;
147,52,24.06404739;;
169,85,29.76086271;;
174,92,30.3871053;;
196,70,18.22157434;;
142,94,46.61773458;;
166,93,33.74945565;;
171,56,19.15119182;;
192,92,24.95659722;;
151,85,37.27906671;;
170,71,24.56747405;;
163,82,30.86303587;;
190,97,26.86980609;;
186,95,27.45982194;;
193,77,20.67169588;;
181,94,28.69265285;;
193,50,13.42317915;;
164,75,27.88518739;;
160,97,37.890625;;
182,95,28.6801111;;
191,59,16.17280228;;
200,65,16.25;;
172,99,33.46403461;;
163,51,19.1953028;;
164,87,32.34681737;;
157,90,36.51263743;;
194,87,23.11616537;;
171,69,23.59700421;;
196,73,19.00249896;;
154,53,22.34778209;;
153,95,40.58268187;;
157,60,24.34175829;;
140,82,41.83673469;;
195,94,24.72057857;;
156,64,26.29848784;;
149,75,33.78226206;;
140,79,40.30612245;;
195,80,21.03879027;;
151,96,42.10341652;;
167,71,25.4580659;;
162,61,23.24340802;;
143,73,35.69856717;;
191,91,24.94449165;;
149,52,23.42236836;;
140,66,33.67346939;;
146,74,34.71570651;;
200,89,22.25;;
190,64,17.72853186;;
170,97,33.56401384;;
170,87,30.10380623;;
176,73,23.56663223;;
174,59,19.48738275;;
143,74,36.18758864;;
171,60,20.51913409;;
160,95,37.109375;;
149,63,28.37710013;;
174,51,16.84502576;;
195,70,18.40894149;;
186,55,15.89779165;;
192,58,15.73350694;;
155,68,28.30385016;;
182,86,25.96304794;;
165,99,36.36363636;;
157,57,23.12467037;;
152,90,38.95429363;;
160,66,25.78125;;
188,80,22.63467632;;
144,81,39.0625;;
181,100,30.52409878;;
162,81,30.86419753;;
155,51,21.22788762;;
149,90,40.53871447;;
151,90,39.47195298;;
196,82,21.3452728;;
179,95,29.64951156;;
179,83,25.9043101;;
178,96,30.29920465;;
156,72,29.58579882;;
163,66,24.84098009;;
176,58,18.72417355;;
197,89,22.93282486;;
168,68,24.09297052;;
144,98,47.26080247;;
182,51,15.39669122;;
176,91,29.37758264;;
175,80,26.12244898;;
166,74,26.85440557;;
184,55,16.2452741;;
188,80,22.63467632;;
142,83,41.16246776;;
189,71,19.87626326;;
163,64,24.08822312;;
182,69,20.83081753;;
193,65,17.45013289;;
191,87,23.84803048;;
149,86,38.73699383;;
173,80,26.7299275;;
190,96,26.59279778;;
164,54,20.07733492;;
199,63,15.90868917;;
172,92,31.09789075;;
168,97,34.36791383;;
153,84,35.8836345;;
192,72,19.53125;;
140,92,46.93877551;;
179,57,17.78970694;;
147,98,45.35147392;;
191,78,21.38099285;;
159,53,20.96436059;;
194,84,22.31905622;;
148,58,26.47918188;;
190,89,24.65373961;;
158,94,37.65422208;;
164,91,33.83402736;;
144,88,42.4382716;;
194,54,14.34796471;;
164,95,35.32123736;;
161,86,33.17773234;;
195,90,23.66863905;;
147,68,31.46836966;;
177,82,26.17383255;;
170,91,31.48788927;;
144,55,26.52391975;;
193,94,25.23557679;;
168,75,26.57312925;;
183,97,28.96473469;;
143,75,36.6766101;;
140,57,29.08163265;;
166,62,22.4996371;;
140,59,30.10204082;;
157,88,35.70124549;;
147,71,32.85668009;;
179,60,18.7260073;;
170,85,29.41176471;;
147,97,44.88870378;;
155,94,39.12591051;;
158,64,25.63691716;;
159,67,26.50211621;;
153,59,25.20398137;;
171,83,28.38480216;;
143,62,30.31933102;;
175,72,23.51020408;;
154,93,39.21403272;;
177,77,24.57786715;;
154,75,31.62421994;;
188,62,17.54187415;;
171,81,27.70083102;;
200,54,13.5;;
163,94,35.3795777;;
158,70,28.04037814;;
191,65,17.81749404;;
177,60,19.15158479;;
171,59,20.17714852;;
150,81,36;;
170,87,30.10380623;;
175,75,24.48979592;;
143,92,44.98997506;;
191,58,15.89868699;;
144,73,35.20447531;;
198,70,17.85532089;;
167,78,27.96801606;;
145,74,35.19619501;;
157,53,21.50188649;;
145,71,33.76932224;;
190,80,22.16066482;;
148,85,38.80569759;;
150,53,23.55555556;;
185,72,21.03725347;;
172,85,28.73174689;;
199,69,17.42380243;;
149,73,32.88140174;;
175,52,16.97959184;;
168,79,27.99036281;;
158,67,26.83864765;;
198,52,13.26395266;;
181,100,30.52409878;;
190,64,17.72853186;;
200,50,12.5;;
164,63,23.42355741;;
179,74,23.09540901;;
187,82,23.44934084;;
144,78,37.61574074;;
172,93,31.4359113;;
143,73,35.69856717;;
143,67,32.76443836;;
160,83,32.421875;;
185,87,25.42001461;;
143,88,43.03388919;;
145,79,37.57431629;;
142,77,38.18686768;;
181,59,18.00921828;;
152,51,22.07409972;;
191,58,15.89868699;;
170,51,17.64705882;;
190,87,24.09972299;;
195,92,24.19460881;;
143,63,30.80835249;;
158,59,23.63403301;;
177,86,27.45060487;;
168,97,34.36791383;;
183,87,25.97867957;;
168,57,20.19557823;;
183,61,18.21493625;;
166,59,21.41094498;;
150,86,38.22222222;;
193,80,21.47708663;;
178,61,19.25261962;;
187,54,15.44224885;;
194,99,26.30460198;;
188,66,18.67360797;;
155,65,27.05515088;;
187,77,22.01950299;;
179,74,23.09540901;;
178,57,17.99015276;;
180,57,17.59259259;;
157,57,23.12467037;;
170,50,17.30103806;;
199,79,19.94899119;;
172,85,28.73174689;;
190,88,24.3767313;;
184,63,18.60822306;;
185,91,26.58875091;;
196,70,18.22157434;;
142,60,29.75600079;;
166,97,35.20104514;;
154,96,40.47900152;;
199,93,23.48425545;;
179,54,16.85340657;;
196,79,20.56434819;;
158,95,38.05479891;;
152,60,25.96952909;;
143,94,45.968018;;
176,79,25.5036157;;
152,91,39.38711911;;
189,63,17.6366843;;
173,68,22.72043837;;
194,88,23.38186842;;
142,82,40.66653442;;
142,75,37.19500099;;
151,67,29.38467611;;
146,67,31.43178833;;
150,53,23.55555556;;
198,83,21.17130905;;
185,88,25.71219869;;
183,88,26.27728508;;
170,51,17.64705882;;
157,83,33.67276563;;
170,50,17.30103806;;
177,50,15.95965399;;
145,55,26.15933413;;
189,100,27.99473699;;
167,89,31.91222346;;
151,74,32.4547169;;
144,63,30.38194444;;
195,95,24.98356345;;
152,50,21.64127424;;
148,98,44.74068663;;
155,71,29.55254943;;
179,91,28.40111108;;
186,65,18.78829923;;
168,62,21.96712018;;
190,87,24.09972299;;
175,85,27.75510204;;
152,85,36.7901662;;
171,78,26.67487432;;
143,95,46.45703946;;
154,58,24.45606342;;
173,91,30.40529253;;
157,81,32.86137369;;
196,85,22.12619742;;
142,92,45.62586788;;
157,100,40.56959714;;
185,57,16.65449233;;
175,97,31.67346939;;
169,50,17.50638983;;
178,58,18.30576947;;
187,99,28.31078956;;
172,85,28.73174689;;
169,67,23.45856238;;
149,80,36.03441286;;
157,95,38.54111729;;
145,93,44.23305589;;
168,100,35.430839;;
148,62,28.30533236;;
182,74,22.34029707;;
186,88,25.43646664;;
173,54,18.04270106;;
145,70,33.29369798;;
159,74,29.27099403;;
161,81,31.24879441;;
172,80,27.04164413;;
155,92,38.29344433;;
172,95,32.11195241;;
198,61,15.55963677;;
180,53,16.35802469;;
198,85,21.68146108;;
161,64,24.69040546;;
154,88,37.10575139;;
198,62,15.81471278;;
177,57,18.19400555;;
178,76,23.98687034;;
140,69,35.20408163;;
160,77,30.078125;;
195,63,16.56804734;;
166,64,23.22543185;;
194,53,14.08226166;;
155,89,37.04474506;;
155,85,35.3798127;;
160,53,20.703125;;
168,95,33.65929705;;
172,69,23.32341806;;
154,59,24.87771968;;
154,84,35.41912633;;
143,60,29.34128808;;
194,70,18.59921352;;
190,54,14.95844875;;
143,75,36.6766101;;
198,75,19.13070095;;
143,66,32.27541689;;
189,83,23.2356317;;
147,75,34.70776066;;
144,53,25.55941358;;
185,74,21.62162162;;
155,55,22.89281998;;
171,83,28.38480216;;
197,71,18.29472545;;
141,99,49.79628791;;
140,96,48.97959184;;
158,54,21.63114885;;
181,84,25.64024297;;
183,52,15.52748664;;
180,98,30.24691358;;
171,55,18.80920625;;
199,78,19.69647231;;
165,59,21.67125803;;
191,98,26.8632987;;
150,68,30.22222222;;
164,74,27.51338489;;
154,72,30.35925114;;
155,51,21.22788762;;
170,79,27.33564014;;
199,90,22.72669882;;
155,92,38.29344433;;
141,90,45.26935265;;
200,92,23;;
190,69,19.11357341;;
141,96,48.28730949;;
164,92,34.20582986;;
192,60,16.27604167;;
154,59,24.87771968;;
185,100,29.2184076;;
159,89,35.20430363;;
171,74,25.30693205;;
173,77,25.72755521;;
167,66,23.66524436;;
177,60,19.15158479;;
178,90,28.40550436;;
182,95,28.6801111;;
156,98,40.2695595;;
160,92,35.9375;;
196,56,14.57725948;;
181,58,17.70397729;;
173,53,17.70857697;;
177,56,17.87481247;;
188,97,27.44454504;;
164,95,35.32123736;;
191,82,22.47745402;;
179,63,19.66230767;;
166,55,19.95935549;;
143,68,33.25345983;;
179,80,24.96800974;;
187,93,26.59498413;;
149,50,22.52150804;;
143,88,43.03388919;;
200,78,19.5;;
153,83,35.45644837;;
192,98,26.58420139;;
163,79,29.73390041;;
178,89,28.08988764;;
190,60,16.62049861;;
180,70,21.60493827;;
151,62,27.19178983;;
141,85,42.75438861;;
190,59,16.3434903;;
149,78,35.13355254;;
158,54,21.63114885;;
197,73,18.81006983;;
151,75,32.89329415;;
159,100,39.55539733;;
189,92,25.75515803;;
152,50,21.64127424;;
147,59,27.30343838;;
155,57,23.72528616;;
149,73,32.88140174;;
199,85,21.46410444;;
183,76,22.69401893;;
152,81,35.05886427;;
183,63,18.81214727;;
157,90,36.51263743;;
182,57,17.20806666;;
164,82,30.48780488;;
195,92,24.19460881;;
156,84,34.51676529;;
169,77,26.95984034;;
157,79,32.04998174;;
186,63,18.21019771;;
190,68,18.8365651;;
164,82,30.48780488;;
148,83,37.89262235;;
174,70,23.1206236;;
168,85,30.11621315;;
182,59,17.81185847;;
146,85,39.87614937;;
191,88,24.12214577;;
145,59,28.06183115;;
186,56,16.18684241;;
161,87,33.56351993;;
141,62,31.18555405;;
179,79,24.65590962;;
170,68,23.52941176;;
151,82,35.96333494;;
159,79,31.24876389;;
185,52,15.19357195;;
192,91,24.68532986;;
167,71,25.4580659;;
141,65,32.69453247;;
182,85,25.66115203;;
141,85,42.75438861;;
166,66,23.95122659;;
154,98,41.32231405;;
161,62,23.91883029;;
154,98,41.32231405;;
156,65,26.70940171;;
182,55,16.60427485;;
193,54,14.49703348;;
195,75,19.72386588;;
164,71,26.39797739;;
168,77,27.28174603;;
168,86,30.47052154;;
194,73,19.39632267;;
183,75,22.39541342;;
178,60,18.9370029;;
149,62,27.92666997;;
147,96,44.42593364;;
152,62,26.83518006;;
144,79,38.09799383;;
153,55,23.49523687;;
181,64,19.53542322;;
166,68,24.67702134;;
176,85,27.44059917;;
165,56,20.56932966;;
199,60,15.15113255;;
178,78,24.61810377;;
186,72,20.81165453;;
196,61,15.8788005;;
140,74,37.75510204;;
169,56,19.60715661;;
164,57,21.19274242;;
167,63,22.58955144;;
156,63,25.88757396;;
156,51,20.9566075;;
175,69,22.53061224;;
183,53,15.82609215;;
194,57,15.14507387;;
167,75,26.89232314;;
160,67,26.171875;;
192,63,17.08984375;;
189,80,22.39578959;;
168,89,31.53344671;;
156,59,24.24391847;;
196,71,18.48188255;;
195,58,15.25312295;;
181,86,26.25072495;;
160,88,34.375;;
185,67,19.57633309;;
158,59,23.63403301;;
176,95,30.66890496;;
154,64,26.98600101;;
157,80,32.45567772;;
168,91,32.24206349;;
152,74,32.02908587;;
152,96,41.55124654;;
141,77,38.73044615;;
197,89,22.93282486;;
177,75,23.93948099;;
189,77,21.55594748;;
168,55,19.48696145;;
167,60,21.51385851;;
192,77,20.88758681;;
160,59,23.046875;;
144,83,40.02700617;;
152,55,23.80540166;;
156,61,25.06574622;;
185,57,16.65449233;;
149,91,40.98914463;;
153,86,36.73800675;;
182,58,17.50996256;;
147,63,29.15451895;;
171,87,29.75274443;;
176,54,17.43285124;;
198,53,13.51902867;;
171,59,20.17714852;;
175,90,29.3877551;;
140,79,40.30612245;;
168,81,28.69897959;;
170,87,30.10380623;;
187,73,20.8756327;;
156,63,25.88757396;;
200,53,13.25;;
144,76,36.65123457;;
198,98,24.99744924;;
153,85,36.31082062;;
173,78,26.06167931;;
159,55,21.75546853;;
176,79,25.5036157;;
167,99,35.49786654;;
191,72,19.73630109;;
175,60,19.59183673;;
196,61,15.8788005;;
194,68,18.06780742;;
174,67,22.12973973;;
182,62,18.71754619;;
200,64,16;;
200,79,19.75;;
188,89,25.18107741;;
166,70,25.40281608;;
193,78,20.94015947;;
199,67,16.91876468;;
194,79,20.99054097;;
177,80,25.53544639;;
192,77,20.88758681;;
158,78,31.24499279;;
169,56,19.60715661;;
155,100,41.62330905;;
187,70,20.01772999;;
189,62,17.35673693;;
169,87,30.46111831;;
186,78,22.54595907;;
157,65,26.37023814;;
192,54,14.6484375;;
182,71,21.43460935;;
163,91,34.25044224;;
169,83,29.06060712;;
195,72,18.93491124;;
182,58,17.50996256;;
177,88,28.08899103;;
169,57,19.95728441;;
145,78,37.09869203;;
165,68,24.97704316;;
188,79,22.35174287;;
184,86,25.40170132;;
149,97,43.6917256;;
160,61,23.828125;;
148,50,22.82688093;;
179,82,25.59220998;;
190,62,17.17451524;;
144,88,42.4382716;;
174,88,29.06592681;;
183,100,29.86055123;;
177,55,17.55561939;;
173,60,20.04744562;;
163,56,21.07719523;;
147,60,27.76620852;;
171,89,30.43671557;;
157,87,35.29554952;;
148,60,27.39225712;;
175,62,20.24489796;;
165,50,18.36547291;;
144,70,33.75771605;;
152,82,35.49168975;;
186,55,15.89779165;;
155,98,40.79084287;;
174,76,25.10239133;;
196,77,20.04373178;;
174,50,16.51473114;;
147,86,39.79823222;;
168,97,34.36791383;;
198,81,20.66115702;;
198,52,13.26395266;;
193,55,14.76549706;;
194,89,23.64757147;;
200,76,19;;
190,94,26.03878116;;
165,98,35.99632691;;
165,54,19.83471074;;
169,83,29.06060712;;
186,86,24.85836513;;
178,73,23.0400202;;
141,67,33.70051808;;
170,63,21.79930796;;
165,70,25.71166208;;
171,66,22.5710475;;
190,95,26.31578947;;
183,92,27.47170713;;
166,87,31.57207142;;
197,73,18.81006983;;
188,80,22.63467632;;
148,100,45.65376187;;
172,90,30.42184965;;
170,63,21.79930796;;
168,79,27.99036281;;
181,61,18.61970025;;
185,51,14.90138787;;
186,61,17.6320962;;
183,57,17.0205142;;
193,57,15.30242423;;
175,63,20.57142857;;
191,97,26.58918341;;
161,55,21.21831719;;
169,72,25.20920136;;
155,63,26.2226847;;
148,72,32.87070855;;
156,54,22.18934911;;
152,97,41.98407202;;
143,100,48.9021468;;
152,65,28.13365651;;
199,54,13.63601929;;
141,85,42.75438861;;
146,72,33.77744417;;
171,100,34.19855682;;
157,60,24.34175829;;
145,74,35.19619501;;
167,77,27.60945176;;
180,97,29.9382716;;
174,81,26.75386445;;
143,87,42.54486772;;
164,72,26.76977989;;
146,51,23.92568962;;
156,83,34.10585141;;
195,82,21.56476003;;
198,54,13.77410468;;
157,80,32.45567772;;
141,89,44.76635984;;
164,99,36.80844735;;
169,94,32.91201288;;
147,88,40.7237725;;
152,57,24.67105263;;
144,92,44.36728395;;
143,70,34.23150276;;
175,97,31.67346939;;
173,81,27.06405159;;
176,68,21.95247934;;
146,98,45.97485457;;
164,87,32.34681737;;
185,57,16.65449233;;
167,84,30.11940191;;
197,78,20.09843078;;
185,84,24.54346238;;
198,81,20.66115702;;
183,60,17.91633074;;
184,82,24.22022684;;
175,98,32;;
158,94,37.65422208;;
144,78,37.61574074;;
183,81,24.18704649;;
150,55,24.44444444;;
175,63,20.57142857;;
140,60,30.6122449;;
177,56,17.87481247;;
199,94,23.73677432;;
162,58,22.10028959;;
176,68,21.95247934;;
188,86,24.33227705;;
151,100,43.85772554;;
161,50,19.28937927;;
156,67,27.53122945;;
195,61,16.04207758;;
184,80,23.6294896;;
178,89,28.08988764;;
143,71,34.72052423;;
192,66,17.90364583;;
199,68,17.17128355;;
195,87,22.87968442;;
143,70,34.23150276;;
166,95,34.4752504;;
183,76,22.69401893;;
179,61,19.03810742;;
156,78,32.05128205;;
150,77,34.22222222;;
177,69,22.02432251;;
180,54,16.66666667;;
199,69,17.42380243;;
159,93,36.78651952;;
179,73,22.78330889;;
162,77,29.34003963;;
177,60,19.15158479;;
156,79,32.46219592;;
147,79,36.55884122;;
161,88,33.94930751;;
168,97,34.36791383;;
147,70,32.39390994;;
183,84,25.08286303;;
176,58,18.72417355;;
167,70,25.0995016;;
190,69,19.11357341;;
164,98,36.43664485;;
168,64,22.67573696;;
147,88,40.7237725;;
160,59,23.046875;;
173,81,27.06405159;;
193,57,15.30242423;;
143,67,32.76443836;;
182,72,21.73650525;;
155,72,29.96878252;;
143,100,48.9021468;;
188,82,23.20054323;;
172,75,25.35154137;;
144,62,29.89969136;;
178,79,24.93372049;;
145,71,33.76932224;;
179,67,20.91070816;;
173,55,18.37682515;;
148,99,45.19722425;;
148,72,32.87070855;;
175,74,24.16326531;;
144,71,34.23996914;;
153,63,26.91272587;;
152,66,28.56648199;;
187,90,25.73708141;;
177,71,22.66270867;;
157,50,20.28479857;;
199,73,18.43387793;;
190,85,23.54570637;;
176,97,31.31456612;;
176,53,17.11002066;;
190,53,14.68144044;;
178,77,24.30248706;;
154,80,33.73250126;;
144,86,41.47376543;;
200,59,14.75;;
194,51,13.55085556;;
194,61,16.20788607;;
178,89,28.08988764;;
149,100,45.04301608;;
148,99,45.19722425;;
172,93,31.4359113;;
143,83,40.58878185;;
187,95,27.16691927;;
179,77,24.03170937;;
159,78,30.85320992;;
172,66,22.30935641;;
174,52,17.17532039;;
173,50,16.70620468;;
152,77,33.32756233;;
194,88,23.38186842;;
197,58,14.94498699;;
185,65,18.99196494;;
200,53,13.25;;
163,76,28.60476495;;
188,67,18.95654142;;
196,65,16.92003332;;
183,60,17.91633074;;
196,100,26.03082049;;
149,100,45.04301608;;
162,97,36.96082914;;
191,87,23.84803048;;
195,96,25.24654832;;
153,80,34.17489;;
156,79,32.46219592;;
179,92,28.7132112;;
155,92,38.29344433;;
179,86,26.84061047;;
186,98,28.32697422;;
189,77,21.55594748;;
198,51,13.00887665;;
180,78,24.07407407;;
144,80,38.58024691;;
173,58,19.37919743;;
157,84,34.0784616;;
192,93,25.22786458;;
145,56,26.63495838;;
161,55,21.21831719;;
169,70,24.50894577;;
184,91,26.87854442;;
164,54,20.07733492;;
180,94,29.01234568;;
165,96,35.26170799;;
151,78,34.20902592;;
177,76,24.25867407;;
152,61,26.40235457;;
166,63,22.86253448;;
192,97,26.31293403;;
171,81,27.70083102;;
180,85,26.2345679;;
196,79,20.56434819;;
145,57,27.11058264;;
197,71,18.29472545;;
140,60,30.6122449;;
145,80,38.04994055;;
195,77,20.24983563;;
156,94,38.62590401;;
200,86,21.5;;
142,88,43.6421345;;
169,90,31.5115017;;
199,97,24.49433095;;
168,96,34.01360544;;
157,80,32.45567772;;
156,70,28.76397107;;
159,86,34.01764171;;
168,97,34.36791383;;
159,81,32.03987184;;
143,79,38.63269598;;
155,70,29.13631634;;
171,51,17.44126398;;
184,71,20.97117202;;
168,73,25.86451247;;
184,81,23.92485822;;
170,78,26.98961938;;
145,65,30.91557669;;
162,57,21.71925011;;
150,83,36.88888889;;
173,59,19.71332153;;
192,57,15.46223958;;
146,82,38.46875586;;
170,89,30.79584775;;
149,94,42.34043512;;
164,84,31.23140988;;
149,97,43.6917256;;
162,98,37.34186862;;
184,79,23.33412098;;
141,54,27.16161159;;
193,53,14.22856989;;
182,83,25.05736022;;
176,91,29.37758264;;
179,85,26.52851035;;
174,88,29.06592681;;
175,91,29.71428571;;
184,60,17.7221172;;
169,77,26.95984034;;
143,92,44.98997506;;
166,90,32.66076354;;
198,87,22.1916131;;
195,69,18.14595661;;
188,80,22.63467632;;
153,88,37.592379;;
170,55,19.03114187;;
170,51,17.64705882;;
161,70,27.00513097;;
175,81,26.44897959;;
141,61,30.68256124;;
143,70,34.23150276;;
187,78,22.30547056;;
175,72,23.51020408;;
170,74,25.60553633;;
193,95,25.50404038;;
164,89,33.09042237;;
169,62,21.70792339;;
199,67,16.91876468;;
149,86,38.73699383;;
143,98,47.92410387;;
182,52,15.69858713;;
197,90,23.19049705;;
159,91,35.99541157;;
177,55,17.55561939;;
184,70,20.6758034;;
173,98,32.74416118;;
180,90,27.77777778;;
163,98,36.88509165;;
145,63,29.96432818;;
187,93,26.59498413;;
197,66,17.0063645;;
171,95,32.48862898;;
185,81,23.66691015;;
178,53,16.7276859;;
157,99,40.16390117;;
180,74,22.83950617;;
157,91,36.9183334;;
173,93,31.07354071;;
155,96,39.95837669;;
189,77,21.55594748;;
182,71,21.43460935;;
182,96,28.982007;;
150,63,28;;
184,53,15.65453686;;
179,91,28.40111108;;
151,94,41.22626201;;
184,53,15.65453686;;
151,71,31.13898513;;
200,70,17.5;;
197,74,19.06774202;;
179,50,15.60500609;;
152,78,33.76038781;;
191,69,18.91395521;;
195,74,19.460881;;
181,88,26.86120692;;
196,76,19.78342357;;
141,74,37.22146773;;
182,60,18.11375438;;
171,67,22.91303307;;
163,79,29.73390041;;
182,51,15.39669122;;
162,72,27.43484225;;
193,72,19.32937797;;
140,55,28.06122449;;
143,94,45.968018;;
148,84,38.34915997;;
171,50,17.09927841;;
188,67,18.95654142;;
181,84,25.64024297;;
168,98,34.72222222;;
200,88,22;;
157,73,29.61580592;;
142,75,37.19500099;;
159,61,24.12879237;;
165,92,33.79247016;;
193,63,16.91320572;;
165,82,30.11937557;;
185,72,21.03725347;;
164,86,31.97501487;;
197,96,24.73653019;;
164,99,36.80844735;;
165,77,28.28282828;;
162,73,27.81588173;;
160,74,28.90625;;
160,92,35.9375;;
169,73,25.55932916;;
168,74,26.21882086;;
177,98,31.28092183;;
164,63,23.42355741;;
153,89,38.01956512;;
189,68,19.03642115;;
168,64,22.67573696;;
154,96,40.47900152;;
168,71,25.15589569;;
154,72,30.35925114;;
163,78,29.35752192;;
199,53,13.38350042;;
142,71,35.21126761;;
186,86,24.85836513;;
152,70,30.29778393;;
160,81,31.640625;;
179,85,26.52851035;;
161,94,36.26403302;;
187,77,22.01950299;;
165,60,22.03856749;;
146,79,37.06136236;;
166,60,21.77384236;;
179,95,29.64951156;;
166,84,30.4833793;;
145,81,38.5255648;;
195,74,19.460881;;
198,79,20.151005;;
187,58,16.58611913;;
164,69,25.6543724;;
163,77,28.98114344;;
186,67,19.36640074;;
179,95,29.64951156;;
180,75,23.14814815;;
173,60,20.04744562;;
170,75,25.95155709;;
160,99,38.671875;;
183,57,17.0205142;;
158,91,36.45249159;;
173,66,22.05219018;;
161,75,28.9340689;;
149,90,40.53871447;;
176,76,24.53512397;;
149,97,43.6917256;;
190,65,18.00554017;;
178,77,24.30248706;;
161,99,38.19297095;;
165,86,31.58861341;;
141,57,28.67059001;;
170,80,27.6816609;;
177,90,28.72737719;;
186,76,21.96785756;;
155,98,40.79084287;;
159,97,38.36873541;;
172,54,18.25310979;;
142,74,36.69906765;;
170,56,19.37716263;;
177,72,22.98190175;;
170,53,18.33910035;;
155,96,39.95837669;;
187,86,24.59321113;;
191,66,18.09160933;;
179,71,22.15910864;;
172,92,31.09789075;;
183,59,17.61772522;;
155,55,22.89281998;;
175,86,28.08163265;;
175,77,25.14285714;;
140,52,26.53061224;;
175,69,22.53061224;;
150,87,38.66666667;;
148,64,29.2184076;;
166,66,23.95122659;;
149,56,25.224089;;
192,59,16.00477431;;
191,89,24.39626107;;
156,75,30.81854043;;
155,84,34.9635796;;
158,81,32.44672328;;
145,68,32.34244946;;
144,100,48.22530864;;
144,88,42.4382716;;
190,50,13.85041551;;
168,59,20.90419501;;
161,68,26.2335558;;
177,69,22.02432251;;
154,99,41.74397032;;
174,95,31.37798917;;
162,65,24.76756592;;
178,99,31.24605479;;
141,72,36.21548212;;
186,55,15.89779165;;
173,70,23.38868656;;
145,70,33.29369798;;
158,75,30.0432623;;
165,69,25.34435262;;
166,54,19.59645812;;
155,96,39.95837669;;
146,69,32.37005067;;
185,58,16.94667641;;
149,89,40.08828431;;
166,89,32.29786616;;
180,95,29.32098765;;
167,99,35.49786654;;
